Sequence	Modified sequence	Modifications	Charge	mass
TSIDSFIDSYK	_TSIDSFIDSYK_	Unmodified	2	638.31103515625
GGPGSTLSFVGKR	_GGPGSTLSFVGK(pr)R_	Propion  (K)	2	659.860290527344
GTVPDDAVEALADSLGKK	_GTVPDDAVEALADSLGK(gl)K_	Glutaryl (K)	2	950.485229492188
VDTFLDGFSVK	_VDTFLDGFSVK_	Unmodified	2	614.317565917969
LSSGYDGTSYK	_LSSGYDGTSYK_	Unmodified	2	589.272705078125
FGTINIVHPKLGSYTK	_FGTINIVHPK(pr)LGSYTK_	Propion  (K)	3	611.00927734375
LFISALVDFFK	_LFISALVDFFK_	Unmodified	2	650.372253417969
MESEEGKEAR	_M(ox)ESEEGK(gl)EAR_	Oxidation (M),Glutaryl (K)	2	648.275939941406
GGGGGRGGLHDFR	_GGGGGR(ci)GGLHDFR_	Citrullin (R)	3	415.203033447266
GGFQNRGGGSGGGGNYR	_GGFQNR(me)GGGSGGGGNYR_	Methyl (R)	3	537.917785644531
AGQKLIDVNHYAK	_AGQK(gl)LIDVNHYAK_	GlyGly (K)	3	524.283203125
LQDVSGQLSSSKK	_LQDVSGQLSSSK(cr)K_	Crotonyl (K)	2	722.886474609375
FFLTGTSIFVK	_FFLTGTSIFVK_	Unmodified	2	630.356018066406
LLEQKTQESQK	_LLEQKTQESQK_	Unmodified	3	444.577697753906
TLDEILQEKK	_TLDEILQEKK_	Unmodified	3	406.231964111328
FVGTEYDGLAK	_FVGTEYDGLAK_	Unmodified	2	600.301086425781
GTVPDDAVEALADSLGKK	_GTVPDDAVEALADSLGK(ac)K_	Acetyl (K)	2	914.473022460938
GLPGPPGPQGESR	_GLPGPPGPQGESR_	Unmodified	2	624.821044921875
LLEEEDSKLK	_LLEEEDSK(bi)LK_	Biotin (K)	2	715.366638183594
HEHISSDYAGK	_HEHISSDYAGK_	Unmodified	3	415.195343017578
ATVASSTQKFQDLGVK	_ATVASSTQK(hy)FQDLGVK_	Hydroxyisobutyryl (K)	2	883.472290039063
GDFTFFIDTFK	_GDFTFFIDTFK_	Unmodified	2	669.3255310058595
GAEKTEVAEPR	_GAEK(fo)TEVAEPR_	Formyl (K)	2	607.805297851563
GFALVGVGSEASSKK	_GFALVGVGSEASSK(gl)K_	Glutaryl (K)	2	775.908996582031
FRGFMQK	_FR(di)GFM(ox)QK_	Oxidation (M),Dimethyl (R)	2	479.253173828125
HFALFSTDVTK	_HFALFSTDVTK_	Unmodified	3	422.556976318359
GGPGAPGAPGPK	_GGPGAP(hy)GAPGPK_	Hydroxyproline manuell (M)	2	489.754272460938
DSRGGGGNFGPGPGSNFR	_DSR(di)GGGGNFGPGPGSNFR_	Dimethyl (R)	3	588.612426757813
DLATVYVDVLK	_DLATVY(ph)VDVLK_	Phospho (Y)	2	658.331665039063
VDTFLDGFSVK	_VDTFLDGFSVK_	Unmodified	2	614.317504882813
GPQNATDSYVHK	_GPQNATDSY(ni)VHK_	Nitrotyrosine (Y)	3	454.541412353516
YFGYTSDTFGK	_YFGYTSDTFGK_	Unmodified	2	643.291442871094
FFLTGTSIFVK	_FFLTGTSIFVK_	Unmodified	2	630.356262207031
VLTANSNPSSPSAAKR	_VLTANSNPSSPSAAK(bi)R_	Biotin (K)	2	913.466522216797
SGGRGVSVSSAR	_SGGR(me)GVSVSSAR_	Methyl (R)	2	567.306640625
GEPGIPAIPGIR	_GEPGIPAIPGIR_	Unmodified	2	588.841125488281
GGQGPPGPQGPIGYPGPR	_GGQGPP(hy)GPQGPIGYPGPR_	Hydroxyproline manuell (M)	2	852.928009033203
ASEALLKQLK	_ASEALLK(ma)QLK_	Malonyl (K)	2	591.354614257813
SGKFTQQDIDEAK	_SGK(gl)FTQQDIDEAK_	GlyGly (K)	2	790.882446289063
VYAETLSGFIK	_VYAETLSGFIK_	Unmodified	2	614.335815429688
FGTGTYAGGEK	_FGTGTYAGGEK_	Unmodified	2	544.256896972656
IGAEVYHHLK	_IGAEVYHHLK_	Unmodified	3	389.549468994141
FLASSEGGFTK	_FLASSEGGFTK_	Unmodified	2	572.288635253906
SQPATKTEDYGMGPGR	_SQPATK(su)TEDYGM(ox)GPGR_	Oxidation (M),Succinyl (K)	2	905.9013671875
VTLEVGKVIQQGR	_VTLEVGK(fo)VIQQGR_	Formyl (K)	2	727.921325683594
DTMGIADKTENTLER	_DTM(ox)GIADKTENTLER_	Oxidation (M)	3	570.605895996094
ASEALLKQLK	_ASEALLK(gl)QLK_	GlyGly (K)	2	607.859130859375
AQQHWGSGVGVKK	_AQQHWGSGVGVK(pr)K_	Propion  (K)	3	479.925201416016
FRVTQPNTFGLFLYK	_FRVTQPNTFGLFLYK_	Unmodified	3	611.002563476563
VYAETLSGFIK	_VYAETLSGFIK_	Unmodified	2	614.335693359375
GSLEKGSPEDK	_GSLEK(ac)GSPEDK_	Acetyl (K)	2	594.791748046875
IEVIEIMTDRGSGK	_IEVIEIM(ox)TDR(ci)GSGK_	Oxidation (M),Citrullin (R)	2	782.897705078125
GTVPDDAVEALADSLGKK	_GTVPDDAVEALADSLGK(hy)K_	Hydroxyisobutyryl (K)	2	936.484741210938
HLTGLTFDTYK	_HLTGLTFDTYK_	Unmodified	2	648.336120605469
YVGESEANIR	_Y(ph)VGESEANIR_	Phospho (Y)	2	609.264282226563
LSSGYDGTSYK	_LSSGYDGTSYK_	Unmodified	2	589.273071289063
VSGFSDISIYK	_VSGFSDISIYK_	Unmodified	2	608.3169860839845
HFALFSTDVTK	_HFALFSTDVTK_	Unmodified	2	633.330505371094
YALDSYSLSSK	_YALDSYSLSSK_	Unmodified	2	617.3041381835935
HDTVFGSYLYK	_HDTVFGSYLYK_	Unmodified	2	665.328369140625
FGTGTYAGGEK	_FGTGTYAGGEK_	Unmodified	2	544.256896972656
PRLPATGTFK	_PR(me)LPATGTFK_	Methyl (R)	3	367.885650634766
FSAYIKNSNPALNDNLEK	_FSAYIK(tr)NSNPALNDNLEK_	Trimethyl (K)	3	694.029907226563
GFCFITYTDEEPVKK	_GFCFITYTDEEPVK(fo)K_	Formyl (K)	2	931.439453125
LFISALVDFFK	_LFISALVDFFK_	Unmodified	2	650.372283935547
LFISALVDFFK	_LFISALVDFFK_	Unmodified	2	650.372009277344
AQQHWGSGVGVKK	_AQQHWGSGVGVKK_	Unmodified	3	461.250518798828
VSFLSALEEYTK	_VSFLSALEEY(ph)TK_	Phospho (Y)	2	733.845397949219
VDTFLDGFSVK	_VDTFLDGFSVK_	Unmodified	2	614.317199707031
FHYQDQEFLK	_FHY(ph)QDQEFLK_	Phospho (Y)	3	478.875518798828
TLIAYDDSSTK	_TLIAYDDSSTK_	Unmodified	2	607.3017578125
LEQVEKELLR	_LEQVEK(fo)ELLR_	Formyl (K)	2	642.86279296875
ASDLLSGYYIK	_ASDLLSGYYIK_	Unmodified	2	615.325317382813
SYASDFGSSAK	_SYASDFGSSAK_	Unmodified	2	560.252380371094
SGGRGVSVSSAR	_SGGR(di)GVSVSSAR_	Dimethyl (R)	3	383.211120605469
SLFFIIDGFVK	_SLFFIIDGFVK_	Unmodified	2	643.364013671875
YSSNLGNFNYEQRGAFR	_YSSNLGNFNYEQRGAFR_	Unmodified	3	674.986114501953
ISALQGKLSK	_ISALQGK(gl)LSK_	GlyGly (K)	3	386.900543212891
FSMPGFKGEGPDVDVNLPK	_FSM(ox)PGFK(di)GEGPDVDVNLPK_	Oxidation (M),Dimethyl (K)	3	693.348022460938
SLKLNTAEDAK	_SLK(di)LNTAEDAK_	Dimethyl (K)	2	609.340942382813
ISSNFSSIIAEKLR	_ISSNFSSIIAEK(bu)LR_	Butyryl (K)	2	817.960632324219
AMEAASSLKSQAATK	_AM(ox)EAASSLK(pr)SQAATK_	Oxidation (M),Propion  (K)	2	783.397399902344
ITGKNQVTATK	_ITGK(fo)NQVTATK_	Formyl (K)	2	594.834167480469
LPEYPQVDDLLLR	_LPEY(ni)PQVDDLLLR_	Nitrotyrosine (Y)	2	808.421691894531
ISALQGKLSK	_ISALQGK(gl)LSK_	Glutaryl (K)	2	579.841552734375
GCELYVQLHGIQQVLK	_GCELYVQLHGIQQVLK_	Unmodified	3	629.0056152343755
DAIHFYNKSLAEHR	_DAIHFYNK(bu)SLAEHR_	Butyryl (K)	3	590.969543457031
LQAAYAGDKADDIQK	_LQAAYAGDK(tr)ADDIQK_	Trimethyl (K)	3	550.290588378906
GGQGPPGPQGPIGYPGPR	_GGQGPPGPQGPIGYPGPR_	Unmodified	2	844.930633544922
FFLTGTSIFVK	_FFLTGTSIFVK_	Unmodified	2	630.356628417969
SLIFFLSTLLK	_SLIFFLSTLLK_	Unmodified	2	641.396301269531
YLHDESGLNR	_Y(ph)LHDESGLNR_	Phospho (Y)	3	428.519256591797
LLFSNTAAQKLR	_LLFSNTAAQK(gl)LR_	GlyGly (K)	3	492.617034912109
GFALVGVGSEASSKK	_GFALVGVGSEASSK(gl)K_	Glutaryl (K)	2	775.907775878906
LFQSDTNAMLGKK	_LFQSDTNAM(ox)LGK(hy)K_	Oxidation (M),Hydroxyisobutyryl (K)	2	777.897155761719
SGFGKFER	_SGFGK(pr)FER_	Propion  (K)	2	492.251861572266
TEVLSPNSKVESK	_TEVLSPNSK(bi)VESK_	Biotin (K)	2	822.4205017089845
LTMLNTVSKIR	_LTM(ox)LNTVSK(bu)IR_	Oxidation (M),Butyryl (K)	2	681.395935058594
VGTASVLQPVKK	_VGTASVLQPVKK_	Unmodified	3	409.587493896484
SLFFIIDGFVK	_SLFFIIDGFVK_	Unmodified	2	643.364288330078
ALLQAKASGK	_ALLQAK(pr)ASGK_	Propion  (K)	2	521.817932128906
DQEALMKSVK	_DQEALM(ox)K(pr)SVK_	Oxidation (M),Propion  (K)	2	610.814453125
LAEEENKAK	_LAEEENK(gl)AK_	Glutaryl (K)	2	573.2890625
DDSFLGKLGGTLAR	_DDSFLGK(ac)LGGTLAR_	Acetyl (K)	2	746.395629882813
TFAHTESHISK	_TFAHTESHISK_	Unmodified	2	629.315490722656
GIFGAFTDDYK	_GIFGAFTDDYK_	Unmodified	2	617.294006347656
GRGAPPPPPSR	_GRGAPPPPPSR_	Unmodified	2	544.8020935058595
PASGAGAGAGAGKR	_PASGAGAGAGAGK(su)R_	Succinyl (K)	2	614.307800292969
YVGDSYDSSAK	_YVGDSYDSSAK_	Unmodified	2	596.262145996094
YVGDSYDSSAK	_YVGDSYDSSAK_	Unmodified	2	596.261962890625
TQAYQDQKPGTSGLR	_TQAYQDQK(ma)PGTSGLR_	Malonyl (K)	2	868.417114257813
YEITEQR	_Y(ph)EITEQR_	Phospho (Y)	2	509.716247558594
GTITVSAQELKDNR	_GTITVSAQELK(ac)DNR_	Acetyl (K)	2	787.414184570313
VFSIISSEKELK	_VFSIISSEK(su)ELK_	Succinyl (K)	2	740.402221679688
TFGKAAGPSLSHTSGGTQSK	_TFGK(gl)AAGPSLSHTSGGTQSK_	Glutaryl (K)	3	678.336791992188
GGPGSTLSFVGKR	_GGPGSTLSFVGK(su)R_	Succinyl (K)	2	681.855224609375
DSSPTTNSKLSALQR	_DSSPTTNSK(cr)LSALQR_	Crotonyl (K)	2	836.930541992188
LTEKELAEAASK	_LTEKELAEAASK_	Unmodified	2	645.352294921875
SILAFLYLYFK	_SILAFLYLYFK_	Unmodified	2	689.3959045410155
VSGFSDISIYK	_VSGFSDISIYK_	Unmodified	2	608.317687988281
GFLDYESTGAK	_GFLDYESTGAK_	Unmodified	2	594.283447265625
DDSFLGKLGGTLAR	_DDSFLGK(ac)LGGTLAR_	Acetyl (K)	2	746.395233154297
TASGVGGFSTK	_TASGVGGFSTK_	Unmodified	2	506.259643554688
GGPGSTLSFVGKR	_GGPGSTLSFVGK(tr)R_	Trimethyl (K)	3	435.5830078125
MESEEGKEAR	_M(ox)ESEEGK(bu)EAR_	Oxidation (M),Butyryl (K)	2	626.280456542969
SLGEPAAGEGSAKR	_SLGEPAAGEGSAK(bi)R_	Biotin (K)	2	778.381530761719
WFYIASAFR	_WFYIASAFR_	Unmodified	2	580.79931640625
IGNSYFKEEK	_IGNSYFK(su)EEK_	Succinyl (K)	2	657.815551757813
LDHLAEKFR	_LDHLAEK(gl)FR_	Glutaryl (K)	3	414.888122558594
GIFGAFTDDYK	_GIFGAFTDDYK_	Unmodified	2	617.294067382813
GRGAPPPPPSR	_GR(me)GAPPPPPSR_	Methyl (R)	3	368.209320068359
TVSKVDDFLANEAK	_TVSK(fo)VDDFLANEAK_	Formyl (K)	2	782.898193359375
YVGDSYDSSAK	_YVGDSYDSSAK_	Unmodified	2	596.262634277344
FFLTGTSIFVK	_FFLTGTSIFVK_	Unmodified	2	630.356811523438
LFISALVDFFK	_LFISALVDFFK_	Unmodified	2	650.372314453125
DYILEGEPGK	_DY(ph)ILEGEPGK_	Phospho (Y)	2	600.763610839844
AMEAASSLKSQAATK	_AM(ox)EAASSLK(ma)SQAATK_	Oxidation (M),Malonyl (K)	2	798.3837890625
YIEIYVQKVNPSR	_YIEIYVQK(pr)VNPSR_	Propion  (K)	2	832.955871582031
INNFSADIKDSK	_INNFSADIK(gl)DSK_	Glutaryl (K)	2	733.36181640625
SGRGGNFGFGDSR	_SGRGGNFGFGDSR_	Unmodified	3	438.537719726563
LEEVTGKLQVAR	_LEEVTGK(ac)LQVAR_	Acetyl (K)	2	692.894409179688
LQDVSGQLSSSKK	_LQDVSGQLSSSK(hy)K_	Hydroxyisobutyryl (K)	2	731.89208984375
RVYYLSLEFYMGR	_RVYYLSLEFYM(ox)GR_	Oxidation (M)	3	571.621276855469
HEHISSDYAGK	_HEHISSDYAGK_	Unmodified	2	622.2889709472655
SLGEPAAGEGSAKR	_SLGEPAAGEGSAK(fo)R_	Formyl (K)	2	679.340270996094
SKHLQEQLNELK	_SK(gl)HLQEQLNELK_	GlyGly (K)	3	527.618957519531
GTISAPGKVVTAAAQAK	_GTISAPGK(gl)VVTAAAQAK_	Glutaryl (K)	2	842.469421386719
ASDLLSGYYIK	_ASDLLSGYYIK_	Unmodified	2	615.324829101563
HDTVFGSYLYK	_HDTVFGSYLYK_	Unmodified	3	443.888244628906
DTGEKLTVAENEAETK	_DTGEK(cr)LTVAENEAETK_	Crotonyl (K)	2	901.937927246094
ISALQGKLSK	_ISALQGK(gl)LSK_	GlyGly (K)	2	579.846557617188
KFGVLSDNFK	_K(ac)FGVLSDNFK_	Acetyl (K)	2	598.8193359375
SQNTDMVQKSVSK	_SQNTDM(ox)VQK(cr)SVSK_	Oxidation (M),Crotonyl (K)	2	768.373718261719
LYLPVQNK	_LY(ph)LPVQNK_	Phospho (Y)	2	527.770629882813
ISLGEHEGGGK	_ISLGEHEGGGK_	Unmodified	3	361.852844238281
ITESVAETAQTIKK	_ITESVAETAQTIK(cr)K_	Crotonyl (K)	2	793.938293457031
VGYPGPSGPLGAR	_VGYPGPSGPLGAR_	Unmodified	2	614.329071044922
SGKFTQQDIDEAK	_SGK(su)FTQQDIDEAK_	Succinyl (K)	2	783.869323730469
GFLDYESTGAK	_GFLDYESTGAK_	Unmodified	2	594.283752441406
TNAAAMNMGRPFQK	_TNAAAM(ox)NM(ox)GR(di)PFQK_	2 Oxidation (M),Dimethyl (R)	3	532.926391601563
TFGTETFDTFK	_TFGTETFDTFK_	Unmodified	2	647.304748535156
VETFSGVYK	_VETFSGVY(ni)K_	Nitrotyrosine (Y)	2	537.759826660156
YVGDSYDSSAK	_YVGDSYDSSAK_	Unmodified	2	596.262847900391
PSVSTKLISK	_PSVSTK(tr)LISK_	Trimethyl (K)	3	367.901306152344
ASAISIKLGSSK	_ASAISIKLGSSK_	Unmodified	2	581.345703125
YVGDSYDSSAK	_YVGDSYDSSAK_	Unmodified	2	596.262451171875
DFDTALKHYDK	_DFDTALK(fo)HYDK_	Formyl (K)	2	690.826538085938
IHNAENIQPGEQKYEYK	_IHNAENIQPGEQKYEYK_	Unmodified	4	516.006958007813
GLQGPPGK	_GLQGPPGK_	Unmodified	2	377.216949462891
DSSPTTNSKLSALQR	_DSSPTTNSK(tr)LSALQR_	Trimethyl (K)	2	823.940673828125
YVGDSYDSSAK	_YVGDSYDSSAK_	Unmodified	2	596.262756347656
KYEEIDNAPEER	_K(hy)YEEIDNAPEER_	Hydroxyisobutyryl (K)	2	789.869140625
HTAYSDFLSDK	_HTAYSDFLSDK_	Unmodified	2	642.299865722656
ANEKTESSSAQQVAVSR	_ANEK(tr)TESSSAQQVAVSR_	Trimethyl (K)	3	611.982543945313
YEQEHAAIQDKLFQVAK	_YEQEHAAIQDKLFQVAK_	Unmodified	4	505.265563964844
PGEPGLMGPR	_P(hy)GEPGLM(ox)GPR_	Oxidation (M),Hydroxyproline manuell (M)	2	521.753967285156
MAQELKYGDIVER	_M(ox)AQELK(su)YGDIVER_	Oxidation (M),Succinyl (K)	2	834.401794433594
LLFSNTAAQKLR	_LLFSNTAAQK(bu)LR_	Butyryl (K)	2	716.4206848144535
RGWGAAAVAAGLR	_R(di)GWGAAAVAAGLR_	Dimethyl (R)	3	428.583099365234
YSRGAGLGFSTAPNK	_YSR(di)GAGLGFSTAPNK_	Dimethyl (R)	3	518.608459472656
LGNDFHTNKR	_LGNDFHTNK(bi)R_	Biotin (K)	3	476.567199707031
FLASSEGGFTK	_FLASSEGGFTK_	Unmodified	2	572.288940429688
SLFFIIDGFVK	_SLFFIIDGFVK_	Unmodified	2	643.362182617188
TLIAYDDSSTK	_TLIAYDDSSTK_	Unmodified	2	607.301513671875
SEGFDTYR	_SEGFDTY(ph)R_	Phospho (Y)	2	527.698120117188
GIFGAFTDDYK	_GIFGAFTDDYK_	Unmodified	2	617.294128417969
VSSIFFDTFDK	_VSSIFFDTFDK_	Unmodified	2	653.327392578125
ISSNFSSIIAEKLR	_ISSNFSSIIAEK(pr)LR_	Propion  (K)	2	810.952453613281
FFLTGTSIFVK	_FFLTGTSIFVK_	Unmodified	2	630.3564453125
FLISLLEEYFK	_FLISLLEEYFK_	Unmodified	2	701.388549804688
ISLGEHEGGGK	_ISLGEHEGGGK_	Unmodified	2	542.275695800781
YVGDSYDSSAK	_YVGDSYDSSAK_	Unmodified	2	596.262878417969
YVGDSYDSSAK	_YVGDSYDSSAK_	Unmodified	2	596.262329101563
PGGEGPQCEKTTDVK	_PGGEGPQCEK(su)TTDVK_	Succinyl (K)	2	851.884826660156
SYSVGASGSSSR	_SY(ni)SVGASGSSSR_	Nitrotyrosine (Y)	2	595.258422851563
MESEEGKEAR	_M(ox)ESEEGK(su)EAR_	Oxidation (M),Succinyl (K)	2	641.267456054688
VSGFSDISIYK	_VSGFSDISIYK_	Unmodified	2	608.317138671875
SEASSEFAKK	_SEASSEFAK(gl)K_	Glutaryl (K)	2	599.284912109375
HLTGLTFDTYK	_HLTGLTFDTYK_	Unmodified	2	648.335876464844
GLPGEPGPR	_GLPGEPGP(hy)R_	Hydroxyproline manuell (M)	2	448.235809326172
PSKGPLQSVQVFGR	_PSK(tr)GPLQSVQVFGR_	Trimethyl (K)	3	514.632080078125
GFPGYPGPK	_GFPGYPGPK_	Unmodified	2	460.238159179688
LEQVEKELLR	_LEQVEK(gl)ELLR_	GlyGly (K)	2	685.886962890625
FGPGVAFRAPSIHGGSGGR	_FGPGVAFR(di)APSIHGGSGGR_	Dimethyl (R)	4	464.4991455078125
FLISLLEEYFK	_FLISLLEEYFK_	Unmodified	2	701.389404296875
HFGPVPPSQGRGR	_HFGPVPPSQGRGR(di)_	Dimethyl (R)	3	473.925628662109
TFGTETFDTFK	_TFGTETFDTFK_	Unmodified	2	647.30615234375
GAPGGRGAQLSVPSPAR	_GAPGGRGAQLSVPSPAR_	Unmodified	2	789.430297851563
TFTGTTDSFFK	_TFTGTTDSFFK_	Unmodified	2	626.299438476563
SEASSEFAKK	_SEASSEFAK(cr)K_	Crotonyl (K)	2	576.284973144531
SDDESSQKDIK	_SDDESSQK(cr)DIK_	Crotonyl (K)	2	660.30322265625
VSSIFFDTFDK	_VSSIFFDTFDK_	Unmodified	2	653.3232421875
FSHSVQNSERGK	_FSHSVQNSERGK_	Unmodified	3	459.229064941406
DHLSDKESK	_DHLSDK(fo)ESK_	Formyl (K)	2	543.757751464844
FVGTEYDGLAK	_FVGTEYDGLAK_	Unmodified	2	600.301513671875
FFLTGTSIFVK	_FFLTGTSIFVK_	Unmodified	2	630.3563537597655
GGGGGRGGLHDFR	_GGGGGR(me)GGLHDFR_	Methyl (R)	3	419.546875
YMQNEYR	_YM(ox)QNEYR_	Oxidation (M)	2	510.217071533203
DYNVTANSK	_DY(ph)NVTANSK_	Phospho (Y)	2	545.749816894531
DTMGIADKTENTLER	_DTM(ox)GIADK(ma)TENTLER_	Oxidation (M),Malonyl (K)	2	898.405456542969
DDSFLGKLGGTLAR	_DDSFLGK(pr)LGGTLAR_	Propion  (K)	2	753.402770996094
AFSSRSYTSGPGSR	_AFSSR(ci)SYTSGPGSR_	Citrullin (R)	2	730.843444824219
SLIFFLSTLLK	_SLIFFLSTLLK_	Unmodified	2	641.395202636719
YTQVGPDHNR	_Y(ph)TQVGPDHNR_	Phospho (Y)	2	633.766906738281
AVPSSPAGSAARGR	_AVPSSPAGSAAR(ci)GR_	Citrullin (R)	2	642.837524414063
LVDQNIFSFYLSR	_LVDQNIFSFY(ph)LSR_	Phospho (Y)	2	841.404479980469
LDHLAEKFR	_LDHLAEK(su)FR_	Succinyl (K)	3	410.216186523438
LFISALVDFFK	_LFISALVDFFK_	Unmodified	2	649.832885742188
TFGTETFDTFK	_TFGTETFDTFK_	Unmodified	2	647.304748535156
PPGFSPFR	_PPGFSPFR_	Unmodified	2	452.738189697266
VLTANSNPSSPSAAKR	_VLTANSNPSSPSAAK(ma)R_	Malonyl (K)	2	843.427490234375
DAEAAEATAEGALKAEK	_DAEAAEATAEGALK(cr)AEK_	Crotonyl (K)	2	871.926879882813
VGASTGYSGLK	_VGASTGYSGLK_	Unmodified	2	520.275146484375
LFISALVDFFK	_LFISALVDFFK_	Unmodified	2	650.372619628906
AAQASDLEKIHLDEK	_AAQASDLEK(su)IHLDEK_	Succinyl (K)	2	884.443542480469
SITHSTVGSKGEK	_SITHSTVGSK(fo)GEK_	Formyl (K)	3	453.569152832031
AAINQKLIETGER	_AAINQK(fo)LIETGER_	Formyl (K)	2	735.900390625
VNALKNLQVK	_VNALKNLQVK_	Unmodified	3	376.236694335938
FGTGTYAGGEK	_FGTGTYAGGEK_	Unmodified	2	544.257019042969
YTQVGPDHNR	_YTQVGPDHNR_	Unmodified	2	593.784118652344
GLPGLAGDHGEFGEK	_GLPGLAGDHGEFGEK_	Unmodified	2	742.3641357421875
PSKGPLQSVQVFGR	_PSK(tr)GPLQSVQVFGR_	Trimethyl (K)	2	771.445983886719
VDTFLDGFSVK	_VDTFLDGFSVK_	Unmodified	2	614.317504882813
IVFSGNLFQHQEDSKK	_IVFSGNLFQHQEDSKK_	Unmodified	3	626.324523925781
YTQVGPDHNR	_Y(ph)TQVGPDHNR_	Phospho (Y)	2	633.767272949219
VETTVTSLKTK	_VETTVTSLK(di)TK_	Dimethyl (K)	2	617.866821289063
YVHADAPTNK	_Y(ph)VHADAPTNK_	Phospho (Y)	2	598.261596679688
LQDVSGQLSSSKK	_LQDVSGQLSSSKK_	Unmodified	2	688.872619628906
YSAHEEHHYDK	_YSAHEEHHYDK_	Unmodified	3	472.537811279297
LGDVYVNDAFGTAHR	_LGDVY(ph)VNDAFGTAHR_	Phospho (Y)	3	572.258422851563
PSVSTKLISK	_PSVSTK(hy)LISK_	Hydroxyisobutyryl (K)	2	573.343566894531
MSEGRGLPPPPR	_M(ox)SEGR(me)GLPPPPR_	Oxidation (M),Methyl (R)	3	441.900115966797
LQDEIQNMKEEMAR	_LQDEIQNM(ox)K(pr)EEM(ox)AR_	2 Oxidation (M),Propion  (K)	2	911.921630859375
YGRGQLNYPLPDFSK	_YGR(me)GQLNYPLPDFSK_	Methyl (R)	3	590.305725097656
LLIVSTTPYSEKDTK	_LLIVSTTPYSEKDTK_	Unmodified	3	565.6468200683595
SSFAYKDQNENR	_SSFAYK(ac)DQNENR_	Acetyl (K)	2	750.839965820313
CQGGQETQEYR	_CQGGQETQEY(ph)R_	Phospho (Y)	2	718.270446777344
VGLQVVAVKAPGFGDNR	_VGLQVVAVK(gl)APGFGDNR_	Glutaryl (K)	2	921.000732421875
FTEYETQVK	_FTEY(ni)ETQVK_	Nitrotyrosine (Y)	2	595.272644042969
VGIDTPDIDIHGPEGKLK	_VGIDTPDIDIHGPEGK(fo)LK_	Formyl (K)	2	966.509826660156
SSFAYKDQNENR	_SSFAYKDQNENR_	Unmodified	3	486.892578125
PANEKATDDYHYEK	_PANEK(bu)ATDDYHYEK_	Butyryl (K)	3	584.269165039063
ITGKNQVTATK	_ITGK(cr)NQVTATK_	Crotonyl (K)	2	614.849639892578
DNSTMGYMAAKK	_DNSTM(ox)GYM(ox)AAK(bi)K_	2 Oxidation (M),Biotin (K)	2	787.837646484375
SYASDFGSSAK	_SYASDFGSSAK_	Unmodified	2	560.252380371094
GNPGVGTQGPR	_GNPGVGTQGPR_	Unmodified	2	520.268371582031
DSRGGGGNFGPGPGSNFR	_DSR(ci)GGGGNFGPGPGSNFR_	Citrullin (R)	2	868.891967773438
SEASSEFAKK	_SEASSEFAK(fo)K_	Formyl (K)	2	556.267822265625
HDTVFGSYLYK	_HDTVFGSYLYK_	Unmodified	2	665.327758789063
SYVDTGGVSR	_SY(ph)VDTGGVSR_	Phospho (Y)	2	560.737915039063
VSFLSALEEYTK	_VSFLSALEEY(ph)TK_	Phospho (Y)	2	733.845153808594
DYSAPVNFISAGLKK	_DYSAPVNFISAGLK(pr)K_	Propion  (K)	2	833.447387695313
FFLTGTSIFVK	_FFLTGTSIFVK_	Unmodified	2	630.356628417969
MAGLELLSDQGYR	_M(ox)AGLELLSDQGYR_	Oxidation (M)	2	734.851684570313
AYPLADAHLTK	_AY(ph)PLADAHLTK_	Phospho (Y)	2	640.308349609375
DYILEGEPGK	_DYILEGEPGK_	Unmodified	2	560.780456542969
TSYAQHQQVR	_TSY(ph)AQHQQVR_	Phospho (Y)	3	433.194793701172
TFGTETFDTFK	_TFGTETFDTFK_	Unmodified	2	647.30419921875
LSSGYDGTSYK	_LSSGYDGTSYK_	Unmodified	2	589.273315429688
GDFTFFIDTFK	_GDFTFFIDTFK_	Unmodified	2	669.325866699219
TLDEILQEKK	_TLDEILQEK(bi)K_	Biotin (K)	2	721.882385253906
SHLRHAIPSAER	_SHLR(me)HAIPSAER_	Methyl (R)	3	463.257293701172
DYSAPVNFISAGLKK	_DYSAPVNFISAGLK(su)K_	Succinyl (K)	2	855.442138671875
HTAYSDFLSDK	_HTAYSDFLSDK_	Unmodified	2	642.299743652344
IISSIEQKEENK	_IISSIEQK(su)EENK_	Succinyl (K)	2	759.390075683594
DASTLQSQKAEGTGDAK	_DASTLQSQK(pr)AEGTGDAK_	Propion  (K)	2	881.927490234375
AMEAASSLKSQAATK	_AM(ox)EAASSLK(di)SQAATK_	Oxidation (M),Dimethyl (K)	2	769.399597167969
LTMLNTVSKIR	_LTM(ox)LNTVSK(gl)IR_	Oxidation (M),GlyGly (K)	3	469.266357421875
DAEAAEATAEGALKAEK	_DAEAAEATAEGALKAEK(tr)_	Trimethyl (K)	3	572.960876464844
PGGLGSSSLYGLGASRPR	_PGGLGSSSLYGLGASRPR_	Unmodified	3	577.976745605469
GGPGAPGAPGPK	_GGPGAPGAPGPK_	Unmodified	2	481.757476806641
FLFTGYDTSVK	_FLFTGYDTSVK_	Unmodified	2	639.324951171875
HLTGLTFDTYK	_HLTGLTFDTYK_	Unmodified	2	648.336730957031
GFLDYESTGAK	_GFLDYESTGAK_	Unmodified	2	594.28369140625
SQTGWPRGVTQFGNK	_SQTGWPR(me)GVTQFGNK_	Methyl (R)	3	559.622619628906
ASDLLSGYYIK	_ASDLLSGYYIK_	Unmodified	2	615.324768066406
SYASDFGSSAK	_SYASDFGSSAK_	Unmodified	2	560.252990722656
DKALPLEAEVAPVK	_DK(ma)ALPLEAEVAPVK_	Malonyl (K)	2	783.425659179688
HEHISSDYAGK	_HEHISSDYAGK_	Unmodified	3	415.195587158203
LSSETYSQAK	_LSSETY(ph)SQAK_	Phospho (Y)	2	597.258422851563
VGASTGYSGLK	_VGASTGYSGLK_	Unmodified	2	520.275207519531
TFTGTTDSFFK	_TFTGTTDSFFK_	Unmodified	2	626.2989196777345
SLFFIIDGFVK	_SLFFIIDGFVK_	Unmodified	2	643.364318847656
VFSIISSEKELK	_VFSIISSEK(pr)ELK_	Propion  (K)	2	718.406921386719
PASGAGAGAGAGKR	_PASGAGAGAGAGK(su)R_	Succinyl (K)	2	614.308380126953
GTVPDDAVEALADSLGKK	_GTVPDDAVEALADSLGK(tr)K_	Trimethyl (K)	3	609.995910644531
GDFTFFIDTFK	_GDFTFFIDTFK_	Unmodified	2	669.325378417969
TFAHTESHISK	_TFAHTESHISK_	Unmodified	3	419.879516601563
DESFLGKLGGTLAR	_DESFLGKLGGTLAR_	Unmodified	2	732.398010253906
DEPSVAAMVYPFTGDHKQK	_DEPSVAAM(ox)VYPFTGDHK(ac)QK_	Acetyl (K),Oxidation (M)	2	1089.5126953125
LEKTIDDLEEK	_LEK(bi)TIDDLEEK_	Biotin (K)	2	779.889221191406
TEVLSPNSKVESK	_TEVLSPNSK(gl)VESK_	GlyGly (K)	2	766.40234375
VLDSGAPIKIPVGPETLGR	_VLDSGAPIK(gl)IPVGPETLGR_	GlyGly (K)	2	1017.074584960938
DDSFLGKLGGTLAR	_DDSFLGK(gl)LGGTLAR_	Glutaryl (K)	2	782.405792236328
GRGAANDSTQFTVAGR	_GR(ci)GAANDSTQFTVAGR_	Citrullin (R)	2	804.891418457031
GETASKLQSEISR	_GETASK(cr)LQSEISR_	Crotonyl (K)	2	737.381469726563
GEVGAGAGPGAQAGPSAKR	_GEVGAGAGPGAQAGPSAKR_	Unmodified	3	546.6171875
LLFSNTAAQKLR	_LLFSNTAAQK(fo)LR_	Formyl (K)	2	695.397827148438
DQEALMKSVK	_DQEALM(ox)K(tr)SVK_	Oxidation (M),Trimethyl (K)	2	603.82470703125
GGGGGRGGLHDFR	_GGGGGR(ci)GGLHDFR_	Citrullin (R)	2	622.300903320313
TEVNSGFFYK	_TEVNSGFFY(ni)K_	Nitrotyrosine (Y)	2	618.781433105469
GFGRGGAESHTFK	_GFGR(di)GGAESHTFK_	Dimethyl (R)	3	460.2342529296875
TSLMNQYVNK	_TSLM(ox)NQY(ni)VNK_	Oxidation (M),Nitrotyrosine (Y)	2	629.791076660156
TFAHTESHISK	_TFAHTESHISK_	Unmodified	3	419.879791259766
SSFAYKDQNENR	_SSFAYK(ac)DQNENR_	Acetyl (K)	2	750.840637207031
DTPTSAGPNSFNKGK	_DTPTSAGPNSFNK(hy)GK_	Hydroxyisobutyryl (K)	2	803.8912048339845
HLTGLTFDTYK	_HLTGLTFDTYK_	Unmodified	2	648.335815429688
GRGLPGPAESLR	_GR(ci)GLPGPAESLR_	Citrullin (R)	2	605.83154296875
DKALPLEAEVAPVK	_DK(bi)ALPLEAEVAPVK_	Biotin (K)	2	853.466613769531
HFALFSTDVTK	_HFALFSTDVTK_	Unmodified	2	633.330688476563
YVHADAPTNK	_YVHADAPTNK_	Unmodified	2	558.278259277344
SLFFIIDGFVK	_SLFFIIDGFVK_	Unmodified	2	643.365234375
AGPNASIISLKSDK	_AGPNASIISLK(gl)SDK_	GlyGly (K)	2	757.913696289063
LGTTPSVYGGAGGRGIR	_LGTTPSVYGGAGGRGIR_	Unmodified	3	540.294372558594
SQNTDMVQKSVSK	_SQNTDM(ox)VQK(tr)SVSK_	Oxidation (M),Trimethyl (K)	3	503.925201416016
GQPGSMGLPGPK	_GQP(hy)GSM(ox)GLPGPK_	Oxidation (M),Hydroxyproline manuell (M)	2	579.285583496094
FLASSEGGFTK	_FLASSEGGFTK_	Unmodified	2	572.28857421875
HAVSEGTKAVTK	_HAVSEGTK(pr)AVTK_	Propion  (K)	2	642.352233886719
VGIDTPDIDIHGPEGKLK	_VGIDTPDIDIHGPEGK(gl)LK_	Glutaryl (K)	3	673.352172851563
ANYNFRGMYNQR	_ANYNFRGM(ox)YNQR_	Oxidation (M)	3	517.237976074219
MTEDALRLNLLK	_M(ox)TEDALR(di)LNLLK_	Oxidation (M),Dimethyl (R)	3	487.610626220703
LEKTIDDLEEK	_LEKTIDDLEEK_	Unmodified	3	444.90185546875
TASGVGGFSTK	_TASGVGGFSTK_	Unmodified	2	506.259216308594
FGSRGGPGGGFR	_FGSR(di)GGPGGGFR_	Dimethyl (R)	3	393.87255859375
VGASTGYSGLK	_VGASTGYSGLK_	Unmodified	2	520.275329589844
ASAISIKLGSSK	_ASAISIK(fo)LGSSK_	Formyl (K)	2	595.343872070313
GGPRGGLGGGMR	_GGPR(di)GGLGGGM(ox)R_	Oxidation (M),Dimethyl (R)	3	372.529998779297
DLSTVEALQNLKNLK	_DLSTVEALQNLK(di)NLK_	Dimethyl (K)	2	857.492889404297
GDAGEPGRPGSPGK	_GDAGEPGRPGSP(hy)GK_	Hydroxyproline manuell (M)	2	649.310760498047
GFGFGGFAISAGK	_GFGFGGFAISAGK_	Unmodified	2	608.312164306641
ALFSSITDSEK	_ALFSSITDSEK_	Unmodified	2	599.304443359375
MSEGRGLPPPPR	_M(ox)SEGR(ci)GLPPPPR_	Oxidation (M),Citrullin (R)	2	655.831298828125
ISLGEHEGGGK	_ISLGEHEGGGK_	Unmodified	2	542.275817871094
LGDVYVNDAFGTAHR	_LGDVY(ph)VNDAFGTAHR_	Phospho (Y)	3	572.258666992188
GFVIDDGLITK	_GFVIDDGLITK_	Unmodified	2	589.32763671875
ALASIDSKLNQAK	_ALASIDSK(cr)LNQAK_	Crotonyl (K)	2	713.899658203125
TVQGPPGEPGR	_TVQGPPGEPGR_	Unmodified	2	547.784118652344
FLISLLEEYFK	_FLISLLEEYFK_	Unmodified	2	701.3883666992185
PGEPGLMGPR	_PGEP(hy)GLM(ox)GPR_	Oxidation (M),Hydroxyproline manuell (M)	2	521.753723144531
LGSPSGKTGTCR	_LGSPSGK(su)TGTCR_	Succinyl (K)	2	660.815673828125
IDEMPEAAVKSTANK	_IDEM(ox)PEAAVK(gl)STANK_	Oxidation (M),Glutaryl (K)	2	867.418090820313
FGTGTYAGGEK	_FGTGTYAGGEK_	Unmodified	2	544.257019042969
DRGVGAEPLLPWNR	_DRGVGAEPLLPWNR_	Unmodified	3	527.282897949219
GDAGEPGRPGSPGK	_GDAGEPGRPGSPGK_	Unmodified	2	641.31396484375
IEVIEIMTDRGSGK	_IEVIEIM(ox)TDRGSGK_	Oxidation (M)	3	521.940551757813
YGMVAQVTQTLK	_YGM(ox)VAQVTQTLK_	Oxidation (M)	2	677.8564453125
ASEALLKQLK	_ASEALLK(di)QLK_	Dimethyl (K)	3	376.904876708984
FFLTGTSIFVK	_FFLTGTSIFVK_	Unmodified	2	630.356567382813
VYAETLSGFIK	_VYAETLSGFIK_	Unmodified	2	614.335632324219
IHVQSSSDSSDEPAEKR	_IHVQSSSDSSDEPAEK(bu)R_	Butyryl (K)	3	647.977783203125
SMRGGYIGSTYFER	_SM(ox)R(me)GGYIGSTYFER_	Oxidation (M),Methyl (R)	3	551.928039550781
GASDFLSFAVK	_GASDFLSFAVK_	Unmodified	2	571.299194335938
LTEKELAEAASK	_LTEK(bu)ELAEAASK_	Butyryl (K)	2	680.372741699219
DLGKFQVATDALK	_DLGKFQVATDALK_	Unmodified	2	703.388977050781
HEALMSDLSAYGSSIQALR	_HEALM(ox)SDLSAY(ni)GSSIQALR_	Oxidation (M),Nitrotyrosine (Y)	2	1055.498779296875
LLFSNTAAQKLR	_LLFSNTAAQK(ac)LR_	Acetyl (K)	2	702.405822753906
DAEAAEATAEGALKAEK	_DAEAAEATAEGALK(gl)AEK_	GlyGly (K)	2	894.934692382813
LTEKELAEAASK	_LTEK(gl)ELAEAASK_	Glutaryl (K)	2	702.368103027344
LYDIDVAK	_LY(ph)DIDVAK_	Phospho (Y)	2	508.739105224609
YSAHEEHHYDK	_YSAHEEHHYDK_	Unmodified	3	472.538238525391
HFALFSTDVTK	_HFALFSTDVTK_	Unmodified	2	633.330688476563
ISSNFSSIIAEKLR	_ISSNFSSIIAEK(pr)LR_	Propion  (K)	2	810.954162597656
RLPTTGYLVYR	_RLPTTGYLVYR_	Unmodified	3	446.923095703125
TFAHTESHISK	_TFAHTESHISK_	Unmodified	3	419.879699707031
GEPGIPAIPGIRGPK	_GEPGIPAIPGIRGPK_	Unmodified	3	486.953704833984
FVGTEYDGLAK	_FVGTEYDGLAK_	Unmodified	2	600.301483154297
KFGVLSDNFK	_K(cr)FGVLSDNFK_	Crotonyl (K)	2	611.8279113769535
YIGTGHADTTK	_YIGTGHADTTK_	Unmodified	2	582.2892456054685
VNSMVAYK	_VNSMVAY(ph)K_	Phospho (Y)	2	496.219909667969
SYASDFGSSAK	_SYASDFGSSAK_	Unmodified	2	560.251770019531
GFLDYESTGAK	_GFLDYESTGAK_	Unmodified	2	594.28369140625
LDEKENLSAK	_LDEK(tr)ENLSAK_	Trimethyl (K)	3	396.887786865234
GIGRGTVQALHATGAR	_GIGR(ci)GTVQALHATGAR_	Citrullin (R)	3	522.6220703125
YALDSYSLSSK	_YALDSYSLSSK_	Unmodified	2	617.304077148438
AIEINPDSAQPYK	_AIEINPDSAQPY(ni)K_	Nitrotyrosine (Y)	2	745.861267089844
VYAETLSGFIK	_VYAETLSGFIK_	Unmodified	2	614.335693359375
IYELAAGGTAVGTGLNTR	_IY(ph)ELAAGGTAVGTGLNTR_	Phospho (Y)	2	922.451538085938
TLIAYDDSSTK	_TLIAYDDSSTK_	Unmodified	2	607.301940917969
SYHLQIVTK	_SY(ni)HLQIVTK_	Nitrotyrosine (Y)	2	567.302001953125
IVSGKDYNVTANSK	_IVSGK(pr)DYNVTANSK_	Propion  (K)	2	776.405883789063
DESFLGKLGGTLAR	_DESFLGK(gl)LGGTLAR_	GlyGly (K)	2	789.419403076172
GIFGAFTDDYK	_GIFGAFTDDYK_	Unmodified	2	617.294006347656
FHYQDQEFLK	_FHY(ph)QDQEFLK_	Phospho (Y)	2	717.809143066406
TFGTETFDTFK	_TFGTETFDTFK_	Unmodified	2	647.304138183594
PSKGPLQSVQVFGR	_PSK(di)GPLQSVQVFGR_	Dimethyl (K)	3	509.960845947266
MTGSSGGDRGGFK	_M(ox)TGSSGGDR(me)GGFK_	Oxidation (M),Methyl (R)	2	643.794067382813
LGILPVGRGK	_LGILPVGRGK_	Unmodified	2	505.33015441894497
DLSTVEALQNLKNLK	_DLSTVEALQNLK(tr)NLK_	Trimethyl (K)	3	576.668884277344
DSSPTTNSKLSALQR	_DSSPTTNSK(gl)LSALQR_	GlyGly (K)	2	859.939636230469
VEPIHAVVLPRGK	_VEPIHAVVLPRGK_	Unmodified	3	472.289672851563
ARGGCPGGEATLSQPPPR	_AR(me)GGCPGGEATLSQPPPR_	Methyl (R)	3	607.973205566406
VPTTEKPTVTVNFR	_VPTTEKPTVTVNFR_	Unmodified	3	530.295837402344
DNSTMGYMAAKK	_DNSTM(ox)GYM(ox)AAK(cr)K_	2 Oxidation (M),Crotonyl (K)	2	708.8118896484375
LASEYLTPEEMVTFK	_LASEYLTPEEM(ox)VTFK_	Oxidation (M)	2	887.436157226563
LDLSSLAYSGK	_LDLSSLAY(ni)SGK_	Nitrotyrosine (Y)	2	599.80224609375
GEVQVSDKER	_GEVQVSDK(hy)ER_	Hydroxyisobutyryl (K)	2	616.809997558594
SLFFGGKGAPLQR	_SLFFGGK(hy)GAPLQR_	Hydroxyisobutyryl (K)	2	732.404907226563
SYASDFGSSAK	_SYASDFGSSAK_	Unmodified	2	560.251953125
GSLEKGSPEDK	_GSLEK(gl)GSPEDK_	Glutaryl (K)	2	630.802307128906
FFLTGTSIFVK	_FFLTGTSIFVK_	Unmodified	2	630.356628417969
LDYSDFQIVK	_LDY(ph)SDFQIVK_	Phospho (Y)	2	654.300537109375
LNAIYQNNLTK	_LNAIY(ph)QNNLTK_	Phospho (Y)	2	686.337829589844
IINEPTAAAIAYGLDKK	_IINEPTAAAIAYGLDK(ac)K_	Acetyl (K)	3	610.672973632813
IGNSYFKEEK	_IGNSYFK(pr)EEK_	Propion  (K)	2	635.820190429688
GYDVIAQAQSGTGK	_GYDVIAQAQSGTGK_	Unmodified	2	697.850646972656
HLTGLTFDTYK	_HLTGLTFDTYK_	Unmodified	3	432.5595703125
FLASSEGGFTK	_FLASSEGGFTK_	Unmodified	2	572.2886047363285
LFISALVDFFK	_LFISALVDFFK_	Unmodified	2	650.3720703125
GFVIDDGLITK	_GFVIDDGLITK_	Unmodified	2	589.327209472656
PPGFSPFR	_PPGFSPFR_	Unmodified	2	452.738647460938
LYAVHQEGNK	_LY(ph)AVHQEGNK_	Phospho (Y)	3	413.523986816406
TFAHTESHISK	_TFAHTESHISK_	Unmodified	2	629.3154296875
LDEKENLSAK	_LDEK(bi)ENLSAK_	Biotin (K)	2	686.843322753906
VDTFLDGFSVK	_VDTFLDGFSVK_	Unmodified	2	614.317749023438
TFGTETFDTFK	_TFGTETFDTFK_	Unmodified	2	647.304809570313
DHLSDKESK	_DHLSDK(pr)ESK_	Propion  (K)	2	557.77294921875
LSSGYDGTSYK	_LSSGYDGTSYK_	Unmodified	2	589.273254394531
VNIGQGSHPQKVK	_VNIGQGSHPQK(gl)VK_	Glutaryl (K)	3	502.608093261719
GFLDYESTGAK	_GFLDYESTGAK_	Unmodified	2	594.283935546875
DYILEGEPGK	_DY(ph)ILEGEPGK_	Phospho (Y)	2	600.763671875
MTGSSGGDRGGFK	_M(ox)TGSSGGDR(di)GGFK_	Oxidation (M),Dimethyl (R)	2	650.801635742188
AAINQKLIETGER	_AAINQKLIETGER_	Unmodified	2	721.902770996094
LEQVEKELLR	_LEQVEK(pr)ELLR_	Propion  (K)	2	656.878356933594
LGPPGNPGPSGSPGPK	_LGPPGNPGPSGSPGPK_	Unmodified	2	708.369140625
VGYPGPSGPLGARGIPGIK	_VGYPGPSGPLGARGIPGIK_	Unmodified	3	598.341674804688
VYAETLSGFIK	_VYAETLSGFIK_	Unmodified	2	614.3349609375
SGKFTQQDIDEAK	_SGK(pr)FTQQDIDEAK_	Propion  (K)	2	761.87451171875
HEHISSDYAGK	_HEHISSDYAGK_	Unmodified	2	622.289337158203
DNSTMGYMAAKK	_DNSTM(ox)GYM(ox)AAK(gl)K_	2 Oxidation (M),GlyGly (K)	2	731.819213867188
MAQELKYGDIVER	_M(ox)AQELK(di)YGDIVER_	Oxidation (M),Dimethyl (K)	2	798.410766601563
HEHISSDYAGK	_HEHISSDYAGK_	Unmodified	3	415.19554138183605
GFVIDDGLITK	_GFVIDDGLITK_	Unmodified	2	589.3277282714845
GARLPGPVSSAR	_GAR(di)LPGPVSSAR_	Dimethyl (R)	3	399.235687255859
SQPATKTEDYGMGPGR	_SQPATK(bu)TEDYGM(ox)GPGR_	Oxidation (M),Butyryl (K)	2	890.914001464844
VTVARGSALEMEFK	_VTVAR(ci)GSALEM(ox)EFK_	Oxidation (M),Citrullin (R)	2	777.896179199219
PANEKATDDYHYEK	_PANEK(su)ATDDYHYEK_	Succinyl (K)	3	594.261352539063
YVGDSYDSSAK	_YVGDSYDSSAK_	Unmodified	2	596.262756347656
MAQELKYGDIVER	_M(ox)AQELK(ac)YGDIVER_	Acetyl (K),Oxidation (M)	2	805.399963378906
IYELAAGGTAVGTGLNTR	_IY(ph)ELAAGGTAVGTGLNTR_	Phospho (Y)	2	922.452758789063
LFISALVDFFK	_LFISALVDFFK_	Unmodified	2	650.371795654297
DESFLGKLGGTLAR	_DESFLGK(tr)LGGTLAR_	Trimethyl (K)	3	502.616424560547
VSGFSDISIYK	_VSGFSDISIYK_	Unmodified	2	608.317138671875
TFAHTESHISK	_TFAHTESHISK_	Unmodified	3	419.879699707031
TLIAYDDSSTK	_TLIAYDDSSTK_	Unmodified	2	607.301879882813
SRGLPCTELFVAPVGVASK	_SRGLPCTELFVAPVGVASK_	Unmodified	3	663.359497070313
DMAQSIYR	_DM(ox)AQSIYR_	Oxidation (M)	2	500.232788085938
VGEFSGANKEK	_VGEFSGANK(pr)EK_	Propion  (K)	2	611.310668945313
SDDESSQKDIK	_SDDESSQK(su)DIK_	Succinyl (K)	2	676.297424316406
RLPTTGYLVYR	_R(di)LPTTGYLVYR_	Dimethyl (R)	3	456.266784667969
SYHLQIVTK	_SYHLQIVTK_	Unmodified	2	544.809448242188
SLIFFLSTLLK	_SLIFFLSTLLK_	Unmodified	2	641.3955078125
MEGSDFESSGGRGLK	_M(ox)EGSDFESSGGR(ci)GLK_	Oxidation (M),Citrullin (R)	2	787.344055175781
ISLGEHEGGGK	_ISLGEHEGGGK_	Unmodified	2	542.275207519531
VSFLSALEEYTK	_VSFLSALEEY(ph)TK_	Phospho (Y)	2	733.845397949219
GSLEKGSPEDK	_GSLEK(pr)GSPEDK_	Propion  (K)	2	601.799377441406
DVNAAIAAIKTK	_DVNAAIAAIK(pr)TK_	Propion  (K)	2	635.87255859375
FFLTGTSIFVK	_FFLTGTSIFVK_	Unmodified	2	630.356384277344
DHLSDKESK	_DHLSDK(hy)ESK_	Hydroxyisobutyryl (K)	2	572.778198242188
SYHLQIVTK	_SY(ni)HLQIVTK_	Nitrotyrosine (Y)	2	567.301513671875
SILDYVSLVEK	_SILDYVSLVEK_	Unmodified	2	633.3543701171875
AAQASDLEKIHLDEK	_AAQASDLEK(cr)IHLDEK_	Crotonyl (K)	2	868.447387695313
ASAISIKLGSSK	_ASAISIK(ac)LGSSK_	Acetyl (K)	2	602.3515625
FFLTGTSIFVK	_FFLTGTSIFVK_	Unmodified	2	630.3563537597655
ANEKTESSSAQQVAVSR	_ANEK(ma)TESSSAQQVAVSR_	Malonyl (K)	2	939.446472167969
VFSIISSEKELK	_VFSIISSEK(tr)ELK_	Trimethyl (K)	3	474.613922119141
GGPGGELPRGPQAGLGPR	_GGPGGELPR(di)GPQAGLGPR_	Dimethyl (R)	3	567.645446777344
SLFFGGKGAPLQR	_SLFFGGK(pr)GAPLQR_	Propion  (K)	2	717.399597167969
MSGRGVGSVSQFK	_MSGRGVGSVSQFK_	Unmodified	3	447.232055664063
ILDLKTGTVK	_ILDLK(fo)TGTVK_	Formyl (K)	2	558.338256835938
ALFSSITDSEK	_ALFSSITDSEK_	Unmodified	2	599.3046875
TLDEILQEKK	_TLDEILQEKK(gl)_	GlyGly (K)	2	665.364196777344
LLALSGPGGGRGR	_LLALSGPGGGRGR(me)_	Methyl (R)	3	408.910919189453
IQTKAGEATVK	_IQTKAGEATVK_	Unmodified	3	382.555999755859
VQGGALEDSQLVAGVAFKK	_VQGGALEDSQLVAGVAFK(ac)K_	Acetyl (K)	2	980.032897949219
GVPRGVHLGSQGLQR	_GVPR(ci)GVHLGSQGLQR_	Citrullin (R)	3	521.291015625
SGGGYGGDRSSGGGYSGDR	_SGGGYGGDR(me)SSGGGYSGDR_	Methyl (R)	3	588.251525878906
SILDYVSLVEK	_SILDYVSLVEK_	Unmodified	2	633.353790283203
KYEEIDNAPEER	_K(bu)YEEIDNAPEER_	Butyryl (K)	2	781.871948242188
DYVSQFEGSALGK	_DYVSQFEGSALGK_	Unmodified	2	700.839050292969
HLTGLTFDTYK	_HLTGLTFDTYK_	Unmodified	2	648.335754394531
